evaluation,antibiotic,laboratory_typing_method,n,n_susceptible,n_resistant,accuracy,balanced_accuracy,roc_auc,recall_resistant,specificity_susceptible,precision_resistant,f1_resistant,false_susceptible,false_resistant,true_susceptible,true_resistant
leave_method_out,ciprofloxacin,Broth dilution,2494,1534,960,0.7870890136327185,0.7861914656671013,0.8578450945241199,0.7822916666666667,0.7900912646675359,0.6999068033550793,0.7388096409247418,209,322,1212,751
leave_method_out,ciprofloxacin,Disk diffusion,3709,3034,675,0.8789431113507684,0.8154244488390829,0.8688630093508143,0.7155555555555555,0.9152933421226104,0.6527027027027027,0.6826855123674912,192,257,2777,483
leave_method_out,ciprofloxacin,MIC,1074,888,186,0.8743016759776536,0.8134808195292067,0.8629456068972198,0.7204301075268817,0.9065315315315315,0.6175115207373272,0.6650124069478908,52,83,805,134
leave_method_out,cefotaxime,Agar dilution,1015,934,81,0.929064039408867,0.8205184127739444,0.8777989266925742,0.691358024691358,0.949678800856531,0.5436893203883495,0.6086956521739131,25,47,887,56
leave_method_out,cefotaxime,Broth dilution,2206,1377,829,0.7964641885766093,0.7675962937558529,0.8289142758028021,0.6513872135102533,0.8838053740014524,0.7714285714285715,0.7063440156965337,289,160,1217,540
leave_method_out,cefotaxime,Disk diffusion,3326,2996,330,0.865003006614552,0.8010266213537242,0.8477009750374237,0.7212121212121212,0.8808411214953271,0.4,0.5145945945945946,92,357,2639,238
